{
    "loss": [
        0.010755132883787155,
        0.00849644374102354,
        0.00810155551880598,
        0.007901187986135483,
        0.007756040431559086,
        0.007659008260816336,
        0.007571051828563213,
        0.007519963663071394,
        0.00745314359664917,
        0.0073806955479085445,
        0.007325424812734127,
        0.007263678591698408,
        0.007160151842981577,
        0.007157866843044758,
        0.007105726283043623,
        0.007074518129229546,
        0.007001470774412155,
        0.006967807654291391,
        0.006934942211955786,
        0.00688072107732296
    ],
    "val_loss": [
        0.006624766159802675,
        0.0062926094979047775,
        0.006207708269357681,
        0.006078173406422138,
        0.006038120947778225,
        0.005991056561470032,
        0.0060331132262945175,
        0.006426690611988306,
        0.005896811839193106,
        0.005902836564928293,
        0.0058546350337564945,
        0.005802812986075878,
        0.005991148762404919,
        0.005803520325571299,
        0.005902937613427639,
        0.005919692572206259,
        0.005763702094554901,
        0.005606368649750948,
        0.005764649249613285,
        0.0057439496740698814
    ],
    "mae": [
        0.07566751539707184,
        0.06573280692100525,
        0.06352278590202332,
        0.06225363537669182,
        0.061378542333841324,
        0.060865387320518494,
        0.06031358987092972,
        0.06014294922351837,
        0.05971268191933632,
        0.05946095287799835,
        0.05906244367361069,
        0.05864332988858223,
        0.05818335711956024,
        0.058202117681503296,
        0.0579693578183651,
        0.05783450976014137,
        0.05752576142549515,
        0.057224422693252563,
        0.05712409317493439,
        0.05689117684960365
    ],
    "val_mae": [
        0.0603470504283905,
        0.0565689280629158,
        0.05527825281023979,
        0.057350873947143555,
        0.05658050626516342,
        0.055884573608636856,
        0.056929733604192734,
        0.06136840209364891,
        0.05446463078260422,
        0.05475793778896332,
        0.054708801209926605,
        0.05459984764456749,
        0.054251477122306824,
        0.05393373593688011,
        0.05467549338936806,
        0.052742574363946915,
        0.05279943346977234,
        0.05310308560729027,
        0.052254870533943176,
        0.053397826850414276
    ]
}