{
    "RMSE": 0.07578883479709603,
    "MAE": 0.053397826850414276
}