{
    "RMSE": 0.08565488199095646,
    "MAE": 0.05961501970887184
}