{
    "loss": [
        0.010521036572754383,
        0.008577002212405205,
        0.008127610199153423,
        0.00789528340101242,
        0.007618637289851904,
        0.0074610477313399315,
        0.007317894604057074,
        0.007328227628022432,
        0.007068118546158075,
        0.006924788001924753,
        0.006848941557109356,
        0.0067169517278671265,
        0.006611187942326069,
        0.0064811366610229015,
        0.006330360192805529,
        0.006229863967746496,
        0.006109071895480156,
        0.0059683495201170444,
        0.005907020997256041,
        0.005788362119346857,
        0.005765032954514027,
        0.005566541571170092,
        0.005481526255607605,
        0.005387135781347752,
        0.005354110151529312,
        0.005142287816852331,
        0.005123242735862732,
        0.005024823360145092,
        0.00487299170345068,
        0.004862296395003796
    ],
    "val_loss": [
        0.0063733309507369995,
        0.006388433277606964,
        0.006447044666856527,
        0.006912582088261843,
        0.005887222941964865,
        0.006060968618839979,
        0.006265432108193636,
        0.005905670113861561,
        0.005886144936084747,
        0.006039217114448547,
        0.0063834344036877155,
        0.006239356938749552,
        0.005945989862084389,
        0.005984563380479813,
        0.006193331442773342,
        0.00619964674115181,
        0.006132279522716999,
        0.00597862945869565,
        0.005944926291704178,
        0.0062256427481770515,
        0.006593259517103434,
        0.006496406625956297,
        0.006607559975236654,
        0.006523059215396643,
        0.006604096852242947,
        0.0063118599355220795,
        0.006550033111125231,
        0.0066137961111962795,
        0.006181537173688412,
        0.007336759474128485
    ],
    "mae": [
        0.07301003485918045,
        0.06541647017002106,
        0.06308673322200775,
        0.06194183602929115,
        0.06055363640189171,
        0.059731245040893555,
        0.05913112685084343,
        0.05917448550462723,
        0.05784568563103676,
        0.057344257831573486,
        0.05710066854953766,
        0.0565338209271431,
        0.05611928552389145,
        0.055456191301345825,
        0.05485127866268158,
        0.05438628047704697,
        0.05402212589979172,
        0.05326632782816887,
        0.05304359644651413,
        0.05246112495660782,
        0.05258229374885559,
        0.05163658782839775,
        0.05132657289505005,
        0.050777122378349304,
        0.05062089487910271,
        0.0496840700507164,
        0.049829043447971344,
        0.04924602061510086,
        0.048617634922266006,
        0.04867452755570412
    ],
    "val_mae": [
        0.057527314871549606,
        0.055155135691165924,
        0.060367509722709656,
        0.056055858731269836,
        0.05351229012012482,
        0.056045498698949814,
        0.05770489573478699,
        0.05418034642934799,
        0.05263633280992508,
        0.053325872868299484,
        0.05359196290373802,
        0.05635538324713707,
        0.05243339389562607,
        0.05273421108722687,
        0.05323798581957817,
        0.056408412754535675,
        0.05413540452718735,
        0.054550398141145706,
        0.052269600331783295,
        0.05380867421627045,
        0.057344648987054825,
        0.05405809357762337,
        0.055127859115600586,
        0.054225437343120575,
        0.05628710612654686,
        0.054560042917728424,
        0.05605499446392059,
        0.058585893362760544,
        0.05328429117798805,
        0.05961501970887184
    ]
}